elementor-element elementor-element-c20a7f6 elementor-widget__width-initial elementor-invisible elementor-widget elementor-widget-heading	{&quot;_animation&quot;:&quot;fadeInUp&quot;}
elementor-column elementor-col-50 elementor-top-column elementor-element elementor-element-4a9ded8 elementor-hidden-mobile elementor-invisible	{&quot;animation&quot;:&quot;fadeInRight&quot;,&quot;background_background&quot;:&quot;classic&quot;}
elementor-column elementor-col-50 elementor-top-column elementor-element elementor-element-4dce7b1 elementor-invisible	{&quot;animation&quot;:&quot;fadeInRight&quot;}
elementor-column elementor-col-50 elementor-top-column elementor-element elementor-element-13044da elementor-invisible	{&quot;animation&quot;:&quot;fadeInRight&quot;}
elementor-column elementor-col-50 elementor-top-column elementor-element elementor-element-06513bf elementor-invisible	{&quot;animation&quot;:&quot;fadeInRight&quot;}
elementor-column elementor-col-50 elementor-top-column elementor-element elementor-element-14e04f9 elementor-invisible	{&quot;animation&quot;:&quot;fadeInRight&quot;}
elementor-column elementor-col-50 elementor-top-column elementor-element elementor-element-4129b17 elementor-invisible	{&quot;animation&quot;:&quot;fadeInRight&quot;}
elementor-column elementor-col-50 elementor-top-column elementor-element elementor-element-973bf58 elementor-invisible	{&quot;animation&quot;:&quot;fadeInRight&quot;}
elementor-column elementor-col-50 elementor-top-column elementor-element elementor-element-a2abf06 elementor-invisible	{&quot;animation&quot;:&quot;fadeInRight&quot;}
elementor-column elementor-col-50 elementor-top-column elementor-element elementor-element-784c012 elementor-invisible	{&quot;animation&quot;:&quot;fadeInRight&quot;}
elementor-column elementor-col-50 elementor-top-column elementor-element elementor-element-ed65f49 elementor-invisible	{&quot;animation&quot;:&quot;fadeInRight&quot;}
elementor-column elementor-col-50 elementor-top-column elementor-element elementor-element-0c12d02 elementor-invisible	{&quot;animation&quot;:&quot;fadeInRight&quot;}
elementor-column elementor-col-50 elementor-top-column elementor-element elementor-element-f3b6c8e elementor-invisible	{&quot;animation&quot;:&quot;fadeInRight&quot;}
elementor-column elementor-col-50 elementor-top-column elementor-element elementor-element-b97103d elementor-invisible	{&quot;animation&quot;:&quot;fadeInRight&quot;}
elementor-column elementor-col-50 elementor-top-column elementor-element elementor-element-ddce658 elementor-invisible	{&quot;animation&quot;:&quot;fadeInRight&quot;}
elementor-element elementor-element-4508fcc elementor-absolute elementor-invisible elementor-widget elementor-widget-heading	{&quot;_position&quot;:&quot;absolute&quot;,&quot;_animation&quot;:&quot;fadeIn&quot;,&quot;_animation_delay&quot;:200}
elementor-element elementor-element-186ce17 elementor-invisible elementor-widget elementor-widget-heading	{&quot;_animation&quot;:&quot;fadeInUp&quot;}
elementor-element elementor-element-3609b2d elementor-invisible elementor-widget elementor-widget-heading	{&quot;_animation&quot;:&quot;fadeInDown&quot;}
elementor-column elementor-col-100 elementor-top-column elementor-element elementor-element-c139faf elementor-invisible	{&quot;animation&quot;:&quot;fadeInRight&quot;}
