7cf2f4b4	elementor-section elementor-top-section elementor-element elementor-element-7cf2f4b4 elementor-section-content-middle elementor-section-boxed elementor-section-height-default elementor-section-height-default	{&quot;background_background&quot;:&quot;classic&quot;}
433644d3	elementor-element elementor-element-433644d3 elementor-nav-menu__align-end elementor-nav-menu--stretch elementor-nav-menu--dropdown-tablet elementor-nav-menu__text-align-aside elementor-nav-menu--toggle elementor-nav-menu--burger elementor-widget elementor-widget-nav-menu	{&quot;submenu_icon&quot;:{&quot;value&quot;:&quot;&lt;svg aria-hidden=\&quot;true\&quot; class=\&quot;e-font-icon-svg e-fas-angle-down\&quot; viewBox=\&quot;0 0 320 512\&quot; xmlns=\&quot;http:\/\/www.w3.org\/2000\/svg\&quot;&gt;&lt;path d=\&quot;M143 352.3L7 216.3c-9.4-9.4-9.4-24.6 0-33.9l22.6-22.6c9.4-9.4 24.6-9.4 33.9 0l96.4 96.4 96.4-96.4c9.4-9.4 24.6-9.4 33.9 0l22.6 22.6c9.4 9.4 9.4 24.6 0 33.9l-136 136c-9.2 9.4-24.4 9.4-33.8 0z\&quot;&gt;&lt;\/path&gt;&lt;\/svg&gt;&quot;,&quot;library&quot;:&quot;fa-solid&quot;},&quot;full_width&quot;:&quot;stretch&quot;,&quot;layout&quot;:&quot;horizontal&quot;,&quot;toggle&quot;:&quot;burger&quot;}
d8b0f3d	elementor-element elementor-element-d8b0f3d elementor-pagination-type-bullets elementor-pagination-position-outside elementor-widget elementor-widget-n-carousel	{&quot;carousel_items&quot;:[{&quot;slide_title&quot;:&quot;Slide #1&quot;,&quot;_id&quot;:&quot;ac71395&quot;},{&quot;slide_title&quot;:&quot;Slide #2&quot;,&quot;_id&quot;:&quot;5406496&quot;},{&quot;slide_title&quot;:&quot;Slide #3&quot;,&quot;_id&quot;:&quot;3a19955&quot;}],&quot;slides_to_show&quot;:&quot;1&quot;,&quot;image_spacing_custom&quot;:{&quot;unit&quot;:&quot;px&quot;,&quot;size&quot;:0,&quot;sizes&quot;:[]},&quot;slides_to_show_tablet&quot;:&quot;1&quot;,&quot;slides_to_show_mobile&quot;:&quot;1&quot;,&quot;autoplay&quot;:&quot;yes&quot;,&quot;autoplay_speed&quot;:5000,&quot;pause_on_hover&quot;:&quot;yes&quot;,&quot;pause_on_interaction&quot;:&quot;yes&quot;,&quot;infinite&quot;:&quot;yes&quot;,&quot;speed&quot;:500,&quot;offset_sides&quot;:&quot;none&quot;,&quot;pagination&quot;:&quot;bullets&quot;,&quot;image_spacing_custom_tablet&quot;:{&quot;unit&quot;:&quot;px&quot;,&quot;size&quot;:&quot;&quot;,&quot;sizes&quot;:[]},&quot;image_spacing_custom_mobile&quot;:{&quot;unit&quot;:&quot;px&quot;,&quot;size&quot;:&quot;&quot;,&quot;sizes&quot;:[]}}
95cae23	elementor-element elementor-element-95cae23 e-flex e-con-boxed e-con e-child	{&quot;background_background&quot;:&quot;classic&quot;}
280c07f	elementor-element elementor-element-280c07f elementor-widget__width-initial elementor-invisible elementor-widget elementor-widget-heading	{&quot;_animation&quot;:&quot;fadeInUp&quot;}
3597311	elementor-element elementor-element-3597311 elementor-align-justify elementor-widget__width-initial elementor-mobile-align-left elementor-widget-mobile__width-auto elementor-invisible elementor-widget elementor-widget-button	{&quot;_animation&quot;:&quot;fadeInLeft&quot;}
526f7a9	elementor-element elementor-element-526f7a9 elementor-align-justify elementor-mobile-align-left elementor-widget-mobile__width-auto elementor-hidden-mobile elementor-invisible elementor-widget elementor-widget-button	{&quot;_animation&quot;:&quot;fadeInRight&quot;}
19dc3b3	elementor-element elementor-element-19dc3b3 e-flex e-con-boxed e-con e-child	{&quot;background_background&quot;:&quot;classic&quot;}
9293dba	elementor-element elementor-element-9293dba elementor-widget__width-initial elementor-invisible elementor-widget elementor-widget-heading	{&quot;_animation&quot;:&quot;fadeInUp&quot;}
1981c55	elementor-element elementor-element-1981c55 elementor-align-justify elementor-mobile-align-left elementor-widget-mobile__width-auto elementor-invisible elementor-widget elementor-widget-button	{&quot;_animation&quot;:&quot;fadeInRight&quot;}
5fc02b9	elementor-element elementor-element-5fc02b9 e-flex e-con-boxed e-con e-child	{&quot;background_background&quot;:&quot;classic&quot;}
a112ef9	elementor-element elementor-element-a112ef9 elementor-widget__width-initial elementor-invisible elementor-widget elementor-widget-heading	{&quot;_animation&quot;:&quot;fadeInUp&quot;}
9300a36	elementor-element elementor-element-9300a36 elementor-align-justify elementor-mobile-align-left elementor-widget-mobile__width-auto elementor-invisible elementor-widget elementor-widget-button	{&quot;_animation&quot;:&quot;fadeInRight&quot;}
4c4613fb	elementor-column elementor-col-50 elementor-top-column elementor-element elementor-element-4c4613fb elementor-invisible	{&quot;animation&quot;:&quot;fadeInLeft&quot;}
396445cc	elementor-element elementor-element-396445cc elementor-absolute elementor-invisible elementor-widget elementor-widget-heading	{&quot;_position&quot;:&quot;absolute&quot;,&quot;_animation&quot;:&quot;fadeIn&quot;,&quot;_animation_delay&quot;:200}
11d8163e	elementor-element elementor-element-11d8163e elementor-invisible elementor-widget elementor-widget-image	{&quot;_animation&quot;:&quot;fadeInDown&quot;}
8da392b	elementor-element elementor-element-8da392b elementor-invisible elementor-widget elementor-widget-counter	{&quot;_animation&quot;:&quot;fadeInLeft&quot;}
19fd7254	elementor-element elementor-element-19fd7254 elementor-invisible elementor-widget elementor-widget-image	{&quot;_animation&quot;:&quot;fadeInRight&quot;}
51e7b272	elementor-section elementor-top-section elementor-element elementor-element-51e7b272 elementor-section-boxed elementor-section-height-default elementor-section-height-default	{&quot;background_background&quot;:&quot;classic&quot;}
2af30011	elementor-column elementor-col-100 elementor-inner-column elementor-element elementor-element-2af30011 elementor-invisible	{&quot;animation&quot;:&quot;fadeInUp&quot;}
731f9fa	elementor-section elementor-top-section elementor-element elementor-element-731f9fa elementor-section-boxed elementor-section-height-default elementor-section-height-default	{&quot;background_background&quot;:&quot;classic&quot;}
77f3975	elementor-column elementor-col-100 elementor-top-column elementor-element elementor-element-77f3975 elementor-invisible	{&quot;animation&quot;:&quot;bounceIn&quot;}
22f8944e	elementor-section elementor-inner-section elementor-element elementor-element-22f8944e elementor-section-boxed elementor-section-height-default elementor-section-height-default elementor-invisible	{&quot;background_background&quot;:&quot;classic&quot;,&quot;animation&quot;:&quot;fadeInDown&quot;}
448cce08	elementor-element elementor-element-448cce08 elementor-invisible elementor-widget elementor-widget-heading	{&quot;_animation&quot;:&quot;fadeInUp&quot;}
29bcb004	elementor-element elementor-element-29bcb004 elementor-absolute elementor-invisible elementor-widget elementor-widget-heading	{&quot;_position&quot;:&quot;absolute&quot;,&quot;_animation&quot;:&quot;fadeIn&quot;,&quot;_animation_delay&quot;:200}
6c5c1c6a	elementor-element elementor-element-6c5c1c6a elementor-invisible elementor-widget elementor-widget-heading	{&quot;_animation&quot;:&quot;fadeInDown&quot;}
33d325bd	elementor-section elementor-inner-section elementor-element elementor-element-33d325bd elementor-section-boxed elementor-section-height-default elementor-section-height-default	{&quot;background_background&quot;:&quot;classic&quot;}
418e57d	elementor-column elementor-col-25 elementor-inner-column elementor-element elementor-element-418e57d elementor-invisible	{&quot;animation&quot;:&quot;fadeInLeft&quot;}
2296e51c	elementor-column elementor-col-25 elementor-inner-column elementor-element elementor-element-2296e51c elementor-invisible	{&quot;animation&quot;:&quot;fadeInLeft&quot;}
e138c39	elementor-column elementor-col-25 elementor-inner-column elementor-element elementor-element-e138c39 elementor-invisible	{&quot;animation&quot;:&quot;fadeInLeft&quot;}
ce74839	elementor-column elementor-col-25 elementor-inner-column elementor-element elementor-element-ce74839 elementor-invisible	{&quot;animation&quot;:&quot;fadeInLeft&quot;}
4d24c460	elementor-section elementor-top-section elementor-element elementor-element-4d24c460 elementor-hidden-desktop elementor-hidden-tablet elementor-hidden-mobile elementor-section-boxed elementor-section-height-default elementor-section-height-default	{&quot;background_background&quot;:&quot;classic&quot;}
275b3052	elementor-column elementor-col-50 elementor-top-column elementor-element elementor-element-275b3052 elementor-invisible	{&quot;animation&quot;:&quot;fadeInLeft&quot;}
4a1a9014	elementor-element elementor-element-4a1a9014 elementor-invisible elementor-widget elementor-widget-image	{&quot;_animation&quot;:&quot;fadeInRight&quot;}
4a0a7939	elementor-section elementor-top-section elementor-element elementor-element-4a0a7939 elementor-section-boxed elementor-section-height-default elementor-section-height-default	{&quot;background_background&quot;:&quot;classic&quot;}
43968904	elementor-element elementor-element-43968904 elementor-invisible elementor-widget elementor-widget-heading	{&quot;_animation&quot;:&quot;fadeInUp&quot;}
3e692146	elementor-element elementor-element-3e692146 elementor-absolute elementor-invisible elementor-widget elementor-widget-heading	{&quot;_position&quot;:&quot;absolute&quot;,&quot;_animation&quot;:&quot;fadeIn&quot;,&quot;_animation_delay&quot;:200}
72aa7c07	elementor-element elementor-element-72aa7c07 elementor-invisible elementor-widget elementor-widget-heading	{&quot;_animation&quot;:&quot;fadeInDown&quot;}
7d7eba8	elementor-element elementor-element-7d7eba8 elementor-pagination-type-bullets elementor-pagination-position-outside elementor-invisible elementor-widget elementor-widget-n-carousel	{&quot;carousel_items&quot;:[{&quot;slide_title&quot;:&quot;Slide #1&quot;,&quot;_id&quot;:&quot;51d7821&quot;},{&quot;slide_title&quot;:&quot;Slide #2&quot;,&quot;_id&quot;:&quot;cdc4603&quot;},{&quot;slide_title&quot;:&quot;Slide #3&quot;,&quot;_id&quot;:&quot;ec5f37a&quot;},{&quot;slide_title&quot;:&quot;Slide #4&quot;,&quot;_id&quot;:&quot;9974414&quot;},{&quot;slide_title&quot;:&quot;Slide #5&quot;,&quot;_id&quot;:&quot;3fa6ef0&quot;},{&quot;slide_title&quot;:&quot;Slide #6&quot;,&quot;_id&quot;:&quot;491e404&quot;}],&quot;slides_to_show&quot;:&quot;3&quot;,&quot;slides_to_scroll&quot;:&quot;1&quot;,&quot;_animation&quot;:&quot;fadeInUp&quot;,&quot;slides_to_show_tablet&quot;:&quot;2&quot;,&quot;slides_to_show_mobile&quot;:&quot;1&quot;,&quot;infinite&quot;:&quot;yes&quot;,&quot;speed&quot;:500,&quot;offset_sides&quot;:&quot;none&quot;,&quot;pagination&quot;:&quot;bullets&quot;,&quot;image_spacing_custom&quot;:{&quot;unit&quot;:&quot;px&quot;,&quot;size&quot;:10,&quot;sizes&quot;:[]},&quot;image_spacing_custom_tablet&quot;:{&quot;unit&quot;:&quot;px&quot;,&quot;size&quot;:&quot;&quot;,&quot;sizes&quot;:[]},&quot;image_spacing_custom_mobile&quot;:{&quot;unit&quot;:&quot;px&quot;,&quot;size&quot;:&quot;&quot;,&quot;sizes&quot;:[]}}
519a96e8	elementor-section elementor-top-section elementor-element elementor-element-519a96e8 elementor-section-boxed elementor-section-height-default elementor-section-height-default	{&quot;background_background&quot;:&quot;classic&quot;}
2e63d8db	elementor-element elementor-element-2e63d8db elementor-absolute elementor-invisible elementor-widget elementor-widget-heading	{&quot;_position&quot;:&quot;absolute&quot;,&quot;_animation&quot;:&quot;fadeIn&quot;,&quot;_animation_delay&quot;:200}
55e82ad9	elementor-element elementor-element-55e82ad9 elementor-invisible elementor-widget elementor-widget-heading	{&quot;_animation&quot;:&quot;fadeInUp&quot;}
3e92d20	elementor-element elementor-element-3e92d20 elementor-invisible elementor-widget elementor-widget-heading	{&quot;_animation&quot;:&quot;fadeInDown&quot;}
7c94b348	elementor-section elementor-inner-section elementor-element elementor-element-7c94b348 elementor-section-boxed elementor-section-height-default elementor-section-height-default elementor-invisible	{&quot;animation&quot;:&quot;fadeIn&quot;,&quot;animation_delay&quot;:200}
240fc992	elementor-section elementor-inner-section elementor-element elementor-element-240fc992 elementor-section-boxed elementor-section-height-default elementor-section-height-default elementor-invisible	{&quot;animation&quot;:&quot;fadeIn&quot;,&quot;animation_delay&quot;:400}
393b3741	elementor-section elementor-top-section elementor-element elementor-element-393b3741 elementor-section-boxed elementor-section-height-default elementor-section-height-default	{&quot;background_background&quot;:&quot;classic&quot;}
2efcac02	elementor-element elementor-element-2efcac02 elementor-absolute elementor-invisible elementor-widget elementor-widget-heading	{&quot;_position&quot;:&quot;absolute&quot;,&quot;_animation&quot;:&quot;fadeIn&quot;,&quot;_animation_delay&quot;:200}
4293743a	elementor-element elementor-element-4293743a elementor-invisible elementor-widget elementor-widget-heading	{&quot;_animation&quot;:&quot;fadeInDown&quot;}
572f1d3b	elementor-element elementor-element-572f1d3b elementor-testimonial--layout-image_above elementor-testimonial--skin-default elementor-testimonial--align-center elementor-pagination-type-bullets elementor-invisible elementor-widget elementor-widget-testimonial-carousel	{&quot;slides_per_view&quot;:&quot;3&quot;,&quot;slides_per_view_tablet&quot;:&quot;2&quot;,&quot;_animation&quot;:&quot;fadeIn&quot;,&quot;_animation_delay&quot;:200,&quot;pagination&quot;:&quot;bullets&quot;,&quot;speed&quot;:500,&quot;autoplay&quot;:&quot;yes&quot;,&quot;autoplay_speed&quot;:5000,&quot;loop&quot;:&quot;yes&quot;,&quot;pause_on_hover&quot;:&quot;yes&quot;,&quot;pause_on_interaction&quot;:&quot;yes&quot;,&quot;space_between&quot;:{&quot;unit&quot;:&quot;px&quot;,&quot;size&quot;:10,&quot;sizes&quot;:[]},&quot;space_between_tablet&quot;:{&quot;unit&quot;:&quot;px&quot;,&quot;size&quot;:10,&quot;sizes&quot;:[]},&quot;space_between_mobile&quot;:{&quot;unit&quot;:&quot;px&quot;,&quot;size&quot;:10,&quot;sizes&quot;:[]}}
e4adba7	elementor-column elementor-col-50 elementor-inner-column elementor-element elementor-element-e4adba7 elementor-invisible	{&quot;animation&quot;:&quot;fadeInLeft&quot;}
58e08a8	elementor-column elementor-col-50 elementor-inner-column elementor-element elementor-element-58e08a8 elementor-invisible	{&quot;animation&quot;:&quot;fadeInRight&quot;}
6f91ad60	elementor-section elementor-top-section elementor-element elementor-element-6f91ad60 elementor-section-boxed elementor-section-height-default elementor-section-height-default	{&quot;background_background&quot;:&quot;classic&quot;}
50202ccf	elementor-column elementor-col-100 elementor-top-column elementor-element elementor-element-50202ccf elementor-invisible	{&quot;animation&quot;:&quot;fadeInRight&quot;}
6d90a540	elementor-section elementor-top-section elementor-element elementor-element-6d90a540 elementor-section-boxed elementor-section-height-default elementor-section-height-default	{&quot;background_background&quot;:&quot;classic&quot;}
4e16680b	elementor-element elementor-element-4e16680b elementor-button-align-stretch elementor-widget elementor-widget-form	{&quot;button_width_tablet&quot;:&quot;33&quot;,&quot;step_next_label&quot;:&quot;Next&quot;,&quot;step_previous_label&quot;:&quot;Previous&quot;,&quot;button_width&quot;:&quot;100&quot;,&quot;step_type&quot;:&quot;number_text&quot;,&quot;step_icon_shape&quot;:&quot;circle&quot;}
